{"cameraMode":{"drawMode":0,"name":"Shaded","section":"Shading Mode"},"sceneLighting":false,"audioPlay":false,"sceneViewState":{"m_AlwaysRefresh":false,"showFog":true,"showSkybox":false,"showFlares":true,"showImageEffects":true,"showParticleSystems":true,"showVisualEffectGraphs":true,"m_FxEnabled":true},"in2DMode":false,"pivot":{"x":2.8274664878845217,"y":30.834470748901368,"z":37.27210998535156},"rotation":{"x":-0.009472806937992573,"y":0.988561749458313,"z":-0.13303464651107789,"w":-0.06616649031639099},"size":4.3867692947387699,"orthographic":false}