{"cameraMode":{"drawMode":0,"name":"Shaded","section":"Shading Mode"},"sceneLighting":false,"audioPlay":false,"sceneViewState":{"m_AlwaysRefresh":false,"showFog":true,"showSkybox":false,"showFlares":true,"showImageEffects":true,"showParticleSystems":true,"showVisualEffectGraphs":true,"m_FxEnabled":true},"in2DMode":false,"pivot":{"x":-14.837455749511719,"y":-8.504735946655274,"z":-24.841793060302736},"rotation":{"x":-0.0005445689894258976,"y":0.9969439506530762,"z":-0.0002681804180610925,"w":-0.07431754469871521},"size":1.3145250082015992,"orthographic":false}