{"cameraMode":{"drawMode":0,"name":"Shaded","section":"Shading Mode"},"sceneLighting":false,"audioPlay":false,"sceneViewState":{"m_AlwaysRefresh":false,"showFog":true,"showSkybox":false,"showFlares":true,"showImageEffects":true,"showParticleSystems":true,"showVisualEffectGraphs":true,"m_FxEnabled":true},"in2DMode":false,"pivot":{"x":174.3647003173828,"y":78.87208557128906,"z":233.88880920410157},"rotation":{"x":-0.13145650923252107,"y":-0.07476387917995453,"z":0.010660342872142792,"w":-0.9881590604782105},"size":324.1716003417969,"orthographic":false}